open_timestamp_utc,close_timestamp_utc,open,high,low,close,volume
1510272000,1510358399,0.07330000,0.58000000,0.07330000,0.11510000,4351848.73000000
1510358400,1510444799,0.12404000,0.14488000,0.09331000,0.12401000,380260.65000000
1510444800,1510531199,0.12401000,0.12500000,0.10057000,0.11300000,228145.84000000
1510531200,1510617599,0.11300000,0.11999000,0.09402000,0.10622000,398626.53000000
1510617600,1510703999,0.10629000,0.13652000,0.10200000,0.13490000,165612.89000000
1510704000,1510790399,0.13400000,0.13500000,0.11046000,0.11629000,202890.67000000
1510790400,1510876799,0.11629000,0.12100000,0.08802000,0.10300000,171705.39000000
1510876800,1510963199,0.10003000,0.11113000,0.09000000,0.09800000,109932.58000000
1510963200,1511049599,0.09604000,0.11690000,0.09091000,0.10400000,133228.04000000
1511049600,1511135999,0.10302000,0.10494000,0.09200000,0.09775000,52889.77000000
1511136000,1511222399,0.09776000,0.10400000,0.08960000,0.10252000,19751.66000000
1511222400,1511308799,0.10252000,0.16000000,0.09541000,0.11778000,221125.50000000
1511308800,1511395199,0.11777000,0.12250000,0.10500000,0.11245000,43483.48000000
1511395200,1511481599,0.11211000,0.14510000,0.11200000,0.13910000,119682.21000000
1511481600,1511567999,0.13951000,0.13951000,0.11631000,0.12032000,32988.52000000
1511568000,1511654399,0.12000000,0.13798000,0.10272000,0.12678000,76691.64000000
1511654400,1511740799,0.12878000,0.14600000,0.11553000,0.14600000,20933.52000000
1511740800,1511827199,0.14470000,0.14470000,0.12850000,0.13200000,34370.07000000
1511827200,1511913599,0.12970000,0.18011000,0.12080000,0.16432000,61974.72000000
1511913600,1511999999,0.16433000,0.23003000,0.12223000,0.12468000,117490.78000000
1512000000,1512086399,0.12468000,0.14941000,0.10689000,0.11905000,51792.81000000
1512086400,1512172799,0.11908000,0.12600000,0.10903000,0.12120000,35492.50000000
1512172800,1512259199,0.12119000,0.12119000,0.10448000,0.10574000,17133.00000000
1512259200,1512345599,0.10500000,0.11018000,0.09200000,0.09400000,15022.21000000
1512345600,1512431999,0.09300000,0.09500000,0.06923000,0.08706000,161531.30000000
1512432000,1512518399,0.08893000,0.09411000,0.08258000,0.08258000,15663.90000000
1512518400,1512604799,0.08174000,0.08915000,0.07212000,0.07982000,38116.94000000
1512604800,1512691199,0.07866000,0.08477000,0.05263000,0.05697000,143353.50000000
1512691200,1512777599,0.05677000,0.07447000,0.05663000,0.06977000,209983.69000000
1512777600,1512863999,0.06875000,0.08662000,0.06750000,0.07612000,283718.90000000
1512864000,1512950399,0.07563000,0.09316000,0.07273000,0.09021000,25765.15000000
1512950400,1513036799,0.08700000,0.08700000,0.07116000,0.07523000,29957.37000000
1513036800,1513123199,0.07522000,0.08000000,0.06500000,0.08000000,75551.31000000
1513123200,1513209599,0.07708000,0.08800000,0.06581000,0.07980000,46150.68000000
1513209600,1513295999,0.07980000,0.07983000,0.06000000,0.07464000,24168.19000000
1513296000,1513382399,0.07203000,0.07294000,0.05353000,0.05756000,136602.62000000
1513382400,1513468799,0.05884000,0.07000000,0.05426000,0.06055000,37513.14000000
1513468800,1513555199,0.06128000,0.06500000,0.05010000,0.06400000,79164.59000000
1513555200,1513641599,0.06500000,0.09402000,0.05877000,0.06765000,291679.85000000
1513641600,1513727999,0.06765000,0.07700000,0.05380000,0.06719000,158076.78000000
1513728000,1513814399,0.06700000,0.07200000,0.05900000,0.06784000,112704.39000000
1513814400,1513900799,0.06798000,0.07500000,0.06406000,0.06566000,117194.19000000
1513900800,1513987199,0.06661000,0.06796000,0.05754000,0.06499000,100154.20000000
1513987200,1514073599,0.06384000,0.08500000,0.06383000,0.08500000,115199.50000000
1514073600,1514159999,0.08500000,0.12400000,0.06742000,0.10237000,276226.13000000
1514160000,1514246399,0.10121000,0.10121000,0.05880000,0.05880000,155177.20000000
1514246400,1514332799,0.06319000,0.06626000,0.03500000,0.04706000,209508.11000000
1514332800,1514419199,0.04626000,0.04883000,0.03527000,0.04110000,71886.16000000
1514419200,1514505599,0.04109000,0.04747000,0.03738000,0.04161000,126358.62000000
1514505600,1514591999,0.04188000,0.05287000,0.04037000,0.05039000,92247.90000000
1514592000,1514678399,0.04975000,0.05344000,0.04599000,0.05290000,59150.89000000
1514678400,1514764799,0.05289000,0.05944000,0.04600000,0.05788000,184774.78000000
1514764800,1514851199,0.05730000,0.07883000,0.05492000,0.07742000,162291.01000000
1514851200,1514937599,0.07740000,0.07763000,0.05921000,0.06610000,171495.97000000
1514937600,1515023999,0.06587000,0.07802000,0.05924000,0.07460000,158132.79000000
1515024000,1515110399,0.07493000,0.13100000,0.07250000,0.10157000,260700.44000000
1515110400,1515196799,0.10124000,0.14782000,0.04096000,0.06250000,520550.76000000
1515196800,1515283199,0.06298000,0.07706000,0.04765000,0.05086000,737752.71000000
1515283200,1515369599,0.05273000,0.08162000,0.04765000,0.05971000,329099.08000000
1515369600,1515455999,0.06093000,0.06731000,0.04860000,0.05109000,190242.80000000
1515456000,1515542399,0.05117000,0.06332000,0.04666000,0.05579000,191196.37000000
1515542400,1515628799,0.05511000,0.06159000,0.05300000,0.05360000,120552.71000000
1515628800,1515715199,0.05360000,0.09300000,0.05360000,0.06126000,1374704.89000000
1515715200,1515801599,0.06140000,0.06376000,0.04861000,0.05777000,451455.85000000
1515801600,1515887999,0.05770000,0.06150000,0.05017000,0.05194000,156606.60000000
1515888000,1515974399,0.05122000,0.06858000,0.04647000,0.04960000,172777.37000000
1515974400,1516060799,0.05031000,0.05187000,0.04160000,0.04561000,150113.12000000
1516060800,1516147199,0.04523000,0.05800000,0.03542000,0.04328000,279747.67000000
1516147200,1516233599,0.04328000,0.05954000,0.04311000,0.04987000,175235.79000000
1516233600,1516319999,0.04937000,0.05239000,0.04394000,0.04951000,114377.39000000
1516320000,1516406399,0.05098000,0.06762000,0.04674000,0.05844000,233456.66000000
1516406400,1516492799,0.05851000,0.06751000,0.05415000,0.05720000,163734.50000000
1516492800,1516579199,0.05720000,0.05786000,0.05128000,0.05400000,67196.38000000
1516579200,1516665599,0.05431000,0.06297000,0.05097000,0.05718000,145626.54000000
1516665600,1516751999,0.05720000,0.06600000,0.05216000,0.05580000,161749.46000000
1516752000,1516838399,0.05634000,0.06519000,0.05303000,0.06085000,218350.73000000
1516838400,1516924799,0.06064000,0.06698000,0.05948000,0.06051000,146924.59000000
1516924800,1517011199,0.06051000,0.06409000,0.05750000,0.05913000,145128.06000000
1517011200,1517097599,0.05920000,0.06354000,0.05543000,0.05865000,73892.42000000
1517097600,1517183999,0.05979000,0.05979000,0.05331000,0.05630000,75385.53000000
1517184000,1517270399,0.05606000,0.05800000,0.05291000,0.05443000,69416.19000000
1517270400,1517356799,0.05469000,0.05765000,0.05052000,0.05248000,89280.93000000
1517356800,1517443199,0.05258000,0.05699000,0.04900000,0.05264000,81861.35000000
1517443200,1517529599,0.05307000,0.05336000,0.04599000,0.04908000,226077.87000000
1517529600,1517615999,0.04911000,0.05250000,0.04220000,0.04411000,167753.91000000
1517616000,1517702399,0.04382000,0.04964000,0.04350000,0.04832000,93814.35000000
1517702400,1517788799,0.04745000,0.04804000,0.04275000,0.04445000,144164.89000000
1517788800,1517875199,0.04484000,0.04582000,0.03801000,0.03983000,188829.10000000
1517875200,1517961599,0.03995000,0.04089000,0.03366000,0.03867000,162061.21000000
1517961600,1518047999,0.03814000,0.04583000,0.03598000,0.03772000,191208.40000000
1518048000,1518134399,0.03773000,0.03825000,0.03746000,0.03825000,4118.84000000
1518134400,1518220799,0.03770000,0.03826000,0.03417000,0.03584000,79775.53000000
1518220800,1518307199,0.03584000,0.04905000,0.03175000,0.03240000,282304.23000000
1518307200,1518393599,0.03240000,0.04898000,0.03237000,0.04318000,440535.08000000
1518393600,1518479999,0.04280000,0.05700000,0.03700000,0.05032000,801303.85000000
1518480000,1518566399,0.05024000,0.05497000,0.04675000,0.04735000,582572.88000000
1518566400,1518652799,0.04750000,0.04787000,0.04081000,0.04132000,263261.20000000
1518652800,1518739199,0.04188000,0.04230000,0.03500000,0.03825000,221301.51000000
1518739200,1518825599,0.03825000,0.04217000,0.03802000,0.03918000,157352.43000000
1518825600,1518911999,0.03902000,0.04070000,0.03681000,0.03814000,94479.14000000
1518912000,1518998399,0.03805000,0.04080000,0.03602000,0.03808000,222151.57000000
1518998400,1519084799,0.03859000,0.04008000,0.03751000,0.03782000,101869.22000000
1519084800,1519171199,0.03851000,0.04073000,0.03601000,0.03762000,149980.30000000
1519171200,1519257599,0.03672000,0.04700000,0.03568000,0.03999000,401600.04000000
1519257600,1519343999,0.03949000,0.04715000,0.03823000,0.03948000,461318.40000000
1519344000,1519430399,0.03962000,0.04244000,0.03521000,0.03686000,170690.06000000
1519430400,1519516799,0.03686000,0.04133000,0.03634000,0.03839000,121736.20000000
1519516800,1519603199,0.03845000,0.04136000,0.03662000,0.03926000,102525.68000000
1519603200,1519689599,0.03926000,0.04490000,0.03811000,0.04163000,241080.63000000
1519689600,1519775999,0.04163000,0.04290000,0.03429000,0.03573000,280855.34000000
1519776000,1519862399,0.03629000,0.03642000,0.03089000,0.03235000,123555.18000000
1519862400,1519948799,0.03232000,0.03524000,0.03101000,0.03299000,94597.59000000
1519948800,1520035199,0.03346000,0.03412000,0.03102000,0.03241000,90489.45000000
1520035200,1520121599,0.03291000,0.03620000,0.03159000,0.03282000,126814.11000000
1520121600,1520207999,0.03234000,0.03383000,0.03074000,0.03100000,53578.36000000
1520208000,1520294399,0.03100000,0.03200000,0.02972000,0.03100000,83149.37000000
1520294400,1520380799,0.03107000,0.03173000,0.02910000,0.02910000,58303.79000000
1520380800,1520467199,0.02924000,0.02924000,0.02488000,0.02649000,140980.27000000
1520467200,1520553599,0.02646000,0.02925000,0.02514000,0.02558000,153362.20000000
1520553600,1520639999,0.02558000,0.02841000,0.02441000,0.02649000,101145.75000000
1520640000,1520726399,0.02590000,0.02886000,0.02525000,0.02630000,77694.04000000
1520726400,1520812799,0.02640000,0.05469000,0.02525000,0.03606000,1386949.14000000
1520812800,1520899199,0.03600000,0.03797000,0.03004000,0.03100000,560220.94000000
1520899200,1520985599,0.03128000,0.03160000,0.02102000,0.02301000,497551.88000000
1520985600,1521071999,0.02290000,0.02359000,0.02122000,0.02182000,108646.25000000
1521072000,1521158399,0.02213000,0.02650000,0.02000000,0.02182000,338226.73000000
1521158400,1521244799,0.02176000,0.02332000,0.02110000,0.02260000,100033.39000000
1521244800,1521331199,0.02250000,0.02266000,0.01940000,0.01969000,99850.87000000
1521331200,1521417599,0.02028000,0.02036000,0.01712000,0.01855000,153682.55000000
1521417600,1521503999,0.01878000,0.02219000,0.01866000,0.02051000,166265.24000000
1521504000,1521590399,0.02048000,0.02378000,0.01958000,0.02168000,151309.92000000
1521590400,1521676799,0.02168000,0.02349000,0.01909000,0.01912000,177566.95000000
1521676800,1521763199,0.01904000,0.03074000,0.01881000,0.02336000,1411201.53000000
1521763200,1521849599,0.02336000,0.02463000,0.01779000,0.01858000,476636.38000000
1521849600,1521935999,0.01880000,0.01967000,0.01411000,0.01614000,338405.98000000
1521936000,1522022399,0.01601000,0.01832000,0.01423000,0.01661000,252824.09000000
1522022400,1522108799,0.01643000,0.01834000,0.01546000,0.01594000,139913.39000000
1522108800,1522195199,0.01562000,0.01681000,0.01548000,0.01579000,99700.51000000
1522195200,1522281599,0.01578000,0.01620000,0.01494000,0.01584000,28189.02000000
1522281600,1522367999,0.01584000,0.01599000,0.01453000,0.01504000,33176.36000000
1522368000,1522454399,0.01523000,0.01604000,0.01433000,0.01462000,67270.47000000
1522454400,1522540799,0.01462000,0.01490000,0.01322000,0.01370000,82023.80000000
1522540800,1522627199,0.01370000,0.01443000,0.01268000,0.01290000,117038.06000000
1522627200,1522713599,0.01291000,0.01375000,0.01162000,0.01223000,135811.14000000
1522713600,1522799999,0.01210000,0.01316000,0.01131000,0.01241000,173117.62000000
1522800000,1522886399,0.01239000,0.01379000,0.01171000,0.01218000,197387.88000000
1522886400,1522972799,0.01198000,0.01283000,0.01134000,0.01210000,144685.03000000
1522972800,1523059199,0.01204000,0.01204000,0.01119000,0.01133000,57229.41000000
1523059200,1523145599,0.01151000,0.01204000,0.01144000,0.01180000,19589.93000000
1523145600,1523231999,0.01173000,0.01319000,0.01158000,0.01294000,79326.04000000
1523232000,1523318399,0.01293000,0.01392000,0.01184000,0.01250000,172044.25000000
1523318400,1523404799,0.01256000,0.01350000,0.01183000,0.01295000,172047.64000000
1523404800,1523491199,0.01290000,0.01392000,0.01290000,0.01330000,115022.61000000
1523491200,1523577599,0.01315000,0.01497000,0.01281000,0.01409000,133257.81000000
1523577600,1523663999,0.01391000,0.01611000,0.01347000,0.01433000,163160.05000000
1523664000,1523750399,0.01433000,0.01580000,0.01405000,0.01512000,138572.18000000
1523750400,1523836799,0.01532000,0.01688000,0.01515000,0.01640000,156254.69000000
1523836800,1523923199,0.01676000,0.01688000,0.01549000,0.01618000,434665.20000000
1523923200,1524009599,0.01602000,0.02997000,0.01571000,0.01966000,1156462.41000000
1524009600,1524095999,0.02019000,0.02200000,0.01857000,0.01900000,900675.45000000
1524096000,1524182399,0.01901000,0.02074000,0.01866000,0.01974000,391743.12000000
1524182400,1524268799,0.01977000,0.02101000,0.01929000,0.02028000,265937.12000000
1524268800,1524355199,0.02047000,0.02130000,0.01700000,0.01845000,217100.05000000
1524355200,1524441599,0.01855000,0.02088000,0.01845000,0.01947000,553800.77000000
1524441600,1524527999,0.01957000,0.02146000,0.01950000,0.02025000,308848.66000000
1524528000,1524614399,0.02025000,0.02124000,0.01950000,0.01984000,273397.81000000
1524614400,1524700799,0.01996000,0.02078000,0.01803000,0.01943000,425198.29000000
1524700800,1524787199,0.01943000,0.01943000,0.01776000,0.01909000,303330.87000000
1524787200,1524873599,0.01903000,0.01940000,0.01837000,0.01837000,184636.59000000
1524873600,1524959999,0.01835000,0.01990000,0.01804000,0.01887000,185956.54000000
1524960000,1525046399,0.01889000,0.02448000,0.01855000,0.01990000,371304.20000000
1525046400,1525132799,0.01990000,0.02245000,0.01937000,0.02110000,408491.36000000
1525132800,1525219199,0.02109000,0.02450000,0.02028000,0.02335000,517863.39000000
1525219200,1525305599,0.02335000,0.02453000,0.02263000,0.02303000,341217.42000000
1525305600,1525391999,0.02300000,0.02360000,0.02167000,0.02240000,270168.93000000
1525392000,1525478399,0.02232000,0.02425000,0.02181000,0.02400000,189220.27000000
1525478400,1525564799,0.02400000,0.02500000,0.02160000,0.02270000,179717.53000000
1525564800,1525651199,0.02270000,0.02270000,0.02000000,0.02135000,128697.91000000
1525651200,1525737599,0.02150000,0.02279000,0.02025000,0.02196000,225855.43000000
1525737600,1525823999,0.02206000,0.02435000,0.02095000,0.02100000,198972.11000000
1525824000,1525910399,0.02100000,0.02104000,0.01860000,0.01889000,152693.54000000
1525910400,1525996799,0.01879000,0.02174000,0.01821000,0.01974000,275484.90000000
1525996800,1526083199,0.01974000,0.01974000,0.01703000,0.01768000,206291.01000000
1526083200,1526169599,0.01771000,0.02139000,0.01723000,0.01830000,152521.07000000
1526169600,1526255999,0.01828000,0.02419000,0.01788000,0.02240000,200025.98000000
1526256000,1526342399,0.02240000,0.02900000,0.02174000,0.02329000,463211.91000000
1526342400,1526428799,0.02330000,0.02390000,0.02154000,0.02216000,127820.37000000
1526428800,1526515199,0.02220000,0.02241000,0.02090000,0.02170000,78499.13000000
1526515200,1526601599,0.02164000,0.02187000,0.01890000,0.01919000,106597.80000000
1526601600,1526687999,0.01945000,0.01953000,0.01520000,0.01660000,130086.95000000
1526688000,1526774399,0.01651000,0.02000000,0.01592000,0.01819000,796329.73000000
1526774400,1526860799,0.01793000,0.02000000,0.01785000,0.01863000,119719.07000000
1526860800,1526947199,0.01833000,0.01879000,0.01669000,0.01685000,169866.12000000
1526947200,1527033599,0.01698000,0.01722000,0.01526000,0.01561000,62327.76000000
1527033600,1527119999,0.01561000,0.01640000,0.01442000,0.01464000,88216.55000000
1527120000,1527206399,0.01473000,0.01700000,0.01429000,0.01521000,79010.19000000
1527206400,1527292799,0.01523000,0.01554000,0.01444000,0.01444000,40697.41000000
1527292800,1527379199,0.01457000,0.01488000,0.01370000,0.01410000,44819.15000000
1527379200,1527465599,0.01406000,0.01511000,0.01355000,0.01360000,21404.14000000
1527465600,1527551999,0.01362000,0.01518000,0.01328000,0.01389000,78637.30000000
1527552000,1527638399,0.01388000,0.01430000,0.01317000,0.01382000,115459.00000000
1527638400,1527724799,0.01396000,0.01441000,0.01312000,0.01386000,92703.59000000
1527724800,1527811199,0.01385000,0.01485000,0.01268000,0.01459000,64409.97000000
1527811200,1527897599,0.01443000,0.01489000,0.01294000,0.01294000,149764.15000000
1527897600,1527983999,0.01290000,0.01382000,0.01282000,0.01300000,40484.34000000
1527984000,1528070399,0.01307000,0.01520000,0.01284000,0.01325000,157941.47000000
1528070400,1528156799,0.01325000,0.01389000,0.01220000,0.01229000,58175.15000000
1528156800,1528243199,0.01243000,0.01243000,0.01138000,0.01154000,50585.61000000
1528243200,1528329599,0.01153000,0.01184000,0.00967000,0.01011000,139732.38000000
1528329600,1528415999,0.01018000,0.01064000,0.00943000,0.01012000,49813.68000000
1528416000,1528502399,0.01002000,0.01069000,0.00973000,0.00988000,34601.59000000
1528502400,1528588799,0.00998000,0.01046000,0.00961000,0.01036000,18087.22000000
1528588800,1528675199,0.01005000,0.01320000,0.00915000,0.00936000,378625.09000000
1528675200,1528761599,0.00936000,0.00979000,0.00860000,0.00860000,87919.88000000
1528761600,1528847999,0.00860000,0.00897000,0.00758000,0.00780000,930702.34000000
1528848000,1528934399,0.00771000,0.00779000,0.00710000,0.00742000,103854.51000000
1528934400,1529020799,0.00735000,0.00884000,0.00735000,0.00871000,173202.22000000
1529020800,1529107199,0.00885000,0.00885000,0.00729000,0.00729000,66453.67000000
1529107200,1529193599,0.00738000,0.01009000,0.00680000,0.00728000,291117.77000000
1529193600,1529279999,0.00737000,0.00746000,0.00657000,0.00691000,64849.96000000
1529280000,1529366399,0.00693000,0.00740000,0.00628000,0.00670000,1019316.39000000
1529366400,1529452799,0.00676000,0.00800000,0.00656000,0.00750000,328457.51000000
1529452800,1529539199,0.00750000,0.00889000,0.00714000,0.00767000,829968.58000000
1529539200,1529625599,0.00766000,0.00800000,0.00659000,0.00660000,1466227.99000000
1529625600,1529711999,0.00658000,0.00695000,0.00582000,0.00585000,250678.77000000
1529712000,1529798399,0.00590000,0.00648000,0.00550000,0.00560000,1183390.53000000
1529798400,1529884799,0.00561000,0.00572000,0.00524000,0.00569000,401144.09000000
1529884800,1529971199,0.00552000,0.00674000,0.00542000,0.00560000,782836.45000000
1529971200,1530057599,0.00554000,0.00598000,0.00552000,0.00570000,99645.52000000
1530057600,1530143999,0.00560000,0.00788000,0.00522000,0.00581000,2564214.76000000
1530144000,1530230399,0.00580000,0.00592000,0.00516000,0.00516000,218997.61000000
1530230400,1530316799,0.00516000,0.00570000,0.00494000,0.00552000,125742.19000000
1530316800,1530403199,0.00565000,0.00666000,0.00557000,0.00602000,189528.85000000
1530403200,1530489599,0.00606000,0.00637000,0.00596000,0.00626000,64301.04000000
1530489600,1530575999,0.00626000,0.00797000,0.00626000,0.00718000,329765.60000000
1530576000,1530662399,0.00728000,0.00860000,0.00667000,0.00693000,450580.85000000
1530662400,1530748799,0.00690000,0.00861000,0.00690000,0.00763000,374970.59000000
1530748800,1530835199,0.00766000,0.00792000,0.00723000,0.00742000,106501.01000000
1530835200,1530921599,0.00742000,0.00773000,0.00723000,0.00741000,503167.27000000
1530921600,1531007999,0.00754000,0.00764000,0.00690000,0.00747000,71963.84000000
1531008000,1531094399,0.00747000,0.00829000,0.00727000,0.00778000,183389.93000000
1531094400,1531180799,0.00778000,0.00795000,0.00730000,0.00759000,121262.62000000
1531180800,1531267199,0.00779000,0.00781000,0.00659000,0.00709000,235777.75000000
1531267200,1531353599,0.00701000,0.00720000,0.00681000,0.00690000,64983.17000000
1531353600,1531439999,0.00697000,0.00715000,0.00659000,0.00707000,81708.61000000
1531440000,1531526399,0.00703000,0.00710000,0.00650000,0.00672000,103406.52000000
1531526400,1531612799,0.00674000,0.00680000,0.00639000,0.00655000,31457.96000000
1531612800,1531699199,0.00656000,0.00698000,0.00653000,0.00670000,46149.84000000
1531699200,1531785599,0.00680000,0.00694000,0.00629000,0.00694000,70432.68000000
1531785600,1531871999,0.00689000,0.00766000,0.00680000,0.00752000,103821.53000000
1531872000,1531958399,0.00751000,0.00776000,0.00730000,0.00743000,45968.88000000
1531958400,1532044799,0.00732000,0.00860000,0.00721000,0.00750000,201023.05000000
1532044800,1532131199,0.00745000,0.00761000,0.00685000,0.00690000,153741.47000000
1532131200,1532217599,0.00689000,0.00761000,0.00680000,0.00709000,69353.02000000
1532217600,1532303999,0.00714000,0.00734000,0.00710000,0.00713000,21999.33000000
1532304000,1532390399,0.00715000,0.00846000,0.00702000,0.00702000,243816.33000000
1532390400,1532476799,0.00713000,0.00769000,0.00674000,0.00731000,136535.04000000
1532476800,1532563199,0.00724000,0.00737000,0.00650000,0.00700000,122739.64000000
1532563200,1532649599,0.00678000,0.00705000,0.00649000,0.00650000,63836.97000000
1532649600,1532735999,0.00645000,0.00655000,0.00611000,0.00622000,107227.28000000
1532736000,1532822399,0.00626000,0.00630000,0.00569000,0.00597000,59977.09000000
1532822400,1532908799,0.00580000,0.00652000,0.00571000,0.00631000,77858.41000000
1532908800,1532995199,0.00629000,0.00663000,0.00605000,0.00633000,49168.35000000
1532995200,1533081599,0.00631000,0.00631000,0.00480000,0.00521000,121616.10000000
1533081600,1533167999,0.00518000,0.00528000,0.00476000,0.00502000,33684.70000000
1533168000,1533254399,0.00501000,0.00504000,0.00436000,0.00436000,38747.10000000
1533254400,1533340799,0.00442000,0.00461000,0.00409000,0.00427000,68520.40000000
1533340800,1533427199,0.00432000,0.00446000,0.00395000,0.00424000,43659.10000000
1533427200,1533513599,0.00402000,0.00446000,0.00402000,0.00445000,28648.90000000
1533513600,1533599999,0.00434000,0.00445000,0.00415000,0.00415000,19739.40000000
1533600000,1533686399,0.00421000,0.00501000,0.00406000,0.00413000,113224.80000000
1533686400,1533772799,0.00421000,0.00459000,0.00374000,0.00405000,194379.90000000
1533772800,1533859199,0.00400000,0.00415000,0.00385000,0.00401000,54629.70000000
1533859200,1533945599,0.00404000,0.00407000,0.00372000,0.00372000,55419.50000000
1533945600,1534031999,0.00377000,0.00397000,0.00353000,0.00374000,105817.10000000
1534032000,1534118399,0.00366000,0.00391000,0.00366000,0.00366000,23996.10000000
1534118400,1534204799,0.00371000,0.00426000,0.00361000,0.00422000,34463.40000000
1534204800,1534291199,0.00409000,0.00449000,0.00377000,0.00407000,171043.70000000
1534291200,1534377599,0.00401000,0.00500000,0.00375000,0.00393000,374190.80000000
1534377600,1534463999,0.00402000,0.00414000,0.00384000,0.00389000,127407.30000000
1534464000,1534550399,0.00394000,0.00427000,0.00388000,0.00419000,129344.40000000
1534550400,1534636799,0.00420000,0.00431000,0.00402000,0.00406000,43332.20000000
1534636800,1534723199,0.00418000,0.00426000,0.00396000,0.00426000,21639.50000000
1534723200,1534809599,0.00424000,0.00458000,0.00412000,0.00418000,103647.50000000
1534809600,1534895999,0.00410000,0.00427000,0.00404000,0.00424000,63362.70000000
1534896000,1534982399,0.00423000,0.00433000,0.00402000,0.00402000,52491.70000000
1534982400,1535068799,0.00408000,0.00500000,0.00401000,0.00446000,286551.10000000
1535068800,1535155199,0.00440000,0.00451000,0.00419000,0.00440000,35559.00000000
1535155200,1535241599,0.00440000,0.00455000,0.00435000,0.00445000,47329.90000000
1535241600,1535327999,0.00451000,0.00460000,0.00431000,0.00460000,31395.00000000
1535328000,1535414399,0.00454000,0.00464000,0.00410000,0.00418000,92569.30000000
1535414400,1535500799,0.00427000,0.00453000,0.00413000,0.00432000,160377.80000000
1535500800,1535587199,0.00446000,0.00464000,0.00429000,0.00429000,77491.60000000
1535587200,1535673599,0.00430000,0.00444000,0.00412000,0.00428000,100169.70000000
1535673600,1535759999,0.00440000,0.00449000,0.00426000,0.00434000,47570.70000000
1535760000,1535846399,0.00428000,0.00447000,0.00344000,0.00437000,224360.80000000
1535846400,1535932799,0.00443000,0.00470000,0.00431000,0.00454000,68771.00000000
1535932800,1536019199,0.00447000,0.00464000,0.00440000,0.00451000,58038.10000000
1536019200,1536105599,0.00450000,0.00487000,0.00439000,0.00455000,51914.80000000
1536105600,1536191999,0.00462000,0.00476000,0.00403000,0.00408000,138672.00000000
1536192000,1536278399,0.00413000,0.00413000,0.00363000,0.00378000,81392.80000000
1536278400,1536364799,0.00385000,0.00395000,0.00361000,0.00379000,20362.50000000
1536364800,1536451199,0.00362000,0.00375000,0.00362000,0.00369000,13904.40000000
1536451200,1536537599,0.00370000,0.00418000,0.00356000,0.00368000,56568.60000000
1536537600,1536623999,0.00377000,0.00382000,0.00358000,0.00378000,109170.60000000
1536624000,1536710399,0.00366000,0.00373000,0.00350000,0.00358000,62035.60000000
1536710400,1536796799,0.00357000,0.00357000,0.00322000,0.00350000,46130.40000000
1536796800,1536883199,0.00357000,0.00365000,0.00340000,0.00352000,56909.50000000
1536883200,1536969599,0.00360000,0.00364000,0.00323000,0.00345000,69269.50000000
1536969600,1537055999,0.00340000,0.00377000,0.00331000,0.00359000,125115.00000000
1537056000,1537142399,0.00358000,0.00608000,0.00358000,0.00475000,1357191.90000000
1537142400,1537228799,0.00471000,0.00573000,0.00447000,0.00453000,320998.90000000
1537228800,1537315199,0.00455000,0.00482000,0.00429000,0.00466000,285255.20000000
1537315200,1537401599,0.00444000,0.00459000,0.00407000,0.00431000,235094.40000000
1537401600,1537487999,0.00435000,0.00494000,0.00423000,0.00452000,232697.00000000
1537488000,1537574399,0.00441000,0.00465000,0.00420000,0.00451000,92727.70000000
1537574400,1537660799,0.00451000,0.06500000,0.00395000,0.00493000,1434133.50000000
1537660800,1537747199,0.00498000,0.00516000,0.00470000,0.00504000,115060.80000000
1537747200,1537833599,0.00505000,0.00520000,0.00475000,0.00478000,45154.60000000
1537833600,1537919999,0.00478000,0.00833000,0.00453000,0.00600000,693505.90000000
1537920000,1538006399,0.00585000,0.00920000,0.00579000,0.00762000,1728020.20000000
1538006400,1538092799,0.00763000,0.00864000,0.00701000,0.00716000,498962.00000000
1538092800,1538179199,0.00714000,0.00716000,0.00671000,0.00689000,163589.20000000
1538179200,1538265599,0.00694000,0.00720000,0.00630000,0.00675000,161464.20000000
1538265600,1538351999,0.00683000,0.00760000,0.00664000,0.00666000,140518.50000000
1538352000,1538438399,0.00666000,0.00671000,0.00631000,0.00660000,16389.90000000
1538438400,1538524799,0.00660000,0.00821000,0.00626000,0.00712000,185999.80000000
1538524800,1538611199,0.00712000,0.00726000,0.00639000,0.00689000,104983.40000000
1538611200,1538697599,0.00695000,0.00695000,0.00626000,0.00650000,156536.70000000
1538697600,1538783999,0.00658000,0.00670000,0.00628000,0.00632000,15539.10000000
1538784000,1538870399,0.00650000,0.00658000,0.00610000,0.00645000,41235.50000000
1538870400,1538956799,0.00630000,0.00713000,0.00630000,0.00650000,110230.60000000
1538956800,1539043199,0.00650000,0.00694000,0.00641000,0.00661000,105160.00000000
1539043200,1539129599,0.00671000,0.00673000,0.00637000,0.00667000,46823.20000000
1539129600,1539215999,0.00667000,0.01037000,0.00632000,0.00930000,1040277.70000000
1539216000,1539302399,0.00924000,0.01330000,0.00807000,0.01085000,1623888.20000000
1539302400,1539388799,0.01073000,0.01451000,0.00895000,0.00953000,1064824.20000000
1539388800,1539475199,0.00966000,0.01020000,0.00823000,0.00899000,296310.30000000
1539475200,1539561599,0.00907000,0.00996000,0.00843000,0.00875000,313775.30000000
1539561600,1539647999,0.00874000,0.00907000,0.00778000,0.00802000,160533.00000000
1539648000,1539734399,0.00800000,0.01042000,0.00781000,0.00913000,366036.50000000
1539734400,1539820799,0.00918000,0.01046000,0.00896000,0.00914000,232470.40000000
1539820800,1539907199,0.00911000,0.00939000,0.00896000,0.00921000,124471.60000000
1539907200,1539993599,0.00908000,0.01027000,0.00908000,0.00942000,236769.50000000
1539993600,1540079999,0.00936000,0.00998000,0.00934000,0.00963000,59238.70000000
1540080000,1540166399,0.00972000,0.00980000,0.00931000,0.00940000,34113.20000000
1540166400,1540252799,0.00939000,0.00961000,0.00890000,0.00961000,96407.20000000
1540252800,1540339199,0.00973000,0.00973000,0.00915000,0.00932000,28326.00000000
1540339200,1540425599,0.00938000,0.01063000,0.00936000,0.01003000,346639.70000000
1540425600,1540511999,0.01000000,0.01047000,0.00976000,0.00985000,103036.00000000
1540512000,1540598399,0.00992000,0.00992000,0.00936000,0.00950000,816133.50000000
1540598400,1540684799,0.00950000,0.01001000,0.00916000,0.00949000,132515.50000000
1540684800,1540771199,0.00954000,0.01056000,0.00947000,0.00991000,2143783.40000000
1540771200,1540857599,0.00991000,0.01013000,0.00906000,0.00965000,1150299.40000000
1540857600,1540943999,0.00971000,0.01441000,0.00930000,0.01086000,1563378.50000000
1540944000,1541030399,0.01085000,0.01174000,0.01019000,0.01041000,543605.40000000
1541030400,1541116799,0.01052000,0.01052000,0.01009000,0.01015000,123345.20000000
1541116800,1541203199,0.01026000,0.01068000,0.01009000,0.01021000,57462.80000000
1541203200,1541289599,0.01019000,0.01062000,0.00972000,0.01040000,81209.20000000
1541289600,1541375999,0.01040000,0.01056000,0.00936000,0.00951000,58230.70000000
1541376000,1541462399,0.00944000,0.00984000,0.00933000,0.00967000,53054.50000000
1541462400,1541548799,0.00955000,0.00968000,0.00898000,0.00942000,70935.10000000
1541548800,1541635199,0.00948000,0.01109000,0.00907000,0.00967000,290632.30000000
1541635200,1541721599,0.00959000,0.01005000,0.00947000,0.00950000,75950.50000000
1541721600,1541807999,0.00959000,0.00989000,0.00923000,0.00939000,39978.10000000
1541808000,1541894399,0.00957000,0.00993000,0.00929000,0.00962000,24883.90000000
1541894400,1541980799,0.00965000,0.00992000,0.00949000,0.00957000,24616.90000000
1541980800,1542067199,0.00954000,0.00989000,0.00945000,0.00965000,19650.70000000
1542067200,1542153599,0.00963000,0.00965000,0.00874000,0.00874000,77130.60000000
1542153600,1542239999,0.00887000,0.00892000,0.00747000,0.00797000,182147.70000000
1542240000,1542326399,0.00797000,0.00799000,0.00688000,0.00777000,116534.00000000
1542326400,1542412799,0.00787000,0.00823000,0.00746000,0.00802000,223836.00000000
1542412800,1542499199,0.00802000,0.00825000,0.00777000,0.00812000,62042.00000000
1542499200,1542585599,0.00801000,0.00912000,0.00783000,0.00827000,227931.50000000
1542585600,1542671999,0.00822000,0.00828000,0.00676000,0.00697000,218061.90000000
1542672000,1542758399,0.00697000,0.00733000,0.00655000,0.00673000,154465.90000000
1542758400,1542844799,0.00670000,0.00726000,0.00666000,0.00679000,42320.40000000
1542844800,1542931199,0.00680000,0.00694000,0.00655000,0.00667000,38523.50000000
1542931200,1543017599,0.00667000,0.00671000,0.00649000,0.00671000,42507.00000000
1543017600,1543103999,0.00664000,0.00753000,0.00650000,0.00657000,102290.30000000
1543104000,1543190399,0.00669000,0.00786000,0.00663000,0.00698000,134864.30000000
1543190400,1543276799,0.00702000,0.00821000,0.00691000,0.00730000,102912.00000000
1543276800,1543363199,0.00719000,0.00755000,0.00704000,0.00738000,25826.50000000
1543363200,1543449599,0.00739000,0.01096000,0.00739000,0.00839000,188474.10000000
1543449600,1543535999,0.00826000,0.00942000,0.00825000,0.00856000,74338.10000000
1543536000,1543622399,0.00857000,0.00914000,0.00788000,0.00822000,182007.70000000
1543622400,1543708799,0.00824000,0.00915000,0.00824000,0.00899000,46234.00000000
1543708800,1543795199,0.00910000,0.00913000,0.00867000,0.00886000,21059.00000000
1543795200,1543881599,0.00887000,0.00950000,0.00862000,0.00926000,79572.90000000
1543881600,1543967999,0.00926000,0.00934000,0.00711000,0.00748000,54159.90000000
1543968000,1544054399,0.00716000,0.00731000,0.00628000,0.00641000,37999.20000000
1544054400,1544140799,0.00641000,0.00705000,0.00631000,0.00645000,41873.80000000
1544140800,1544227199,0.00645000,0.00840000,0.00628000,0.00721000,127504.10000000
1544227200,1544313599,0.00721000,0.00740000,0.00686000,0.00714000,36361.60000000
1544313600,1544399999,0.00679000,0.00735000,0.00671000,0.00699000,45735.00000000
1544400000,1544486399,0.00674000,0.00700000,0.00667000,0.00678000,72391.10000000
1544486400,1544572799,0.00678000,0.00698000,0.00656000,0.00670000,55357.30000000
1544572800,1544659199,0.00670000,0.00670000,0.00633000,0.00662000,34118.20000000
1544659200,1544745599,0.00663000,0.00678000,0.00652000,0.00662000,76735.40000000
1544745600,1544831999,0.00662000,0.00673000,0.00622000,0.00623000,17839.30000000
1544832000,1544918399,0.00625000,0.00635000,0.00625000,0.00635000,2889.50000000
1544918400,1545004799,0.00647000,0.00652000,0.00628000,0.00628000,13139.50000000
1545004800,1545091199,0.00633000,0.00670000,0.00632000,0.00646000,43753.90000000
1545091200,1545177599,0.00658000,0.00667000,0.00631000,0.00637000,42534.60000000
1545177600,1545263999,0.00635000,0.00706000,0.00633000,0.00649000,45514.50000000
1545264000,1545350399,0.00655000,0.00741000,0.00655000,0.00678000,140028.80000000
1545350400,1545436799,0.00694000,0.00695000,0.00657000,0.00682000,28692.40000000
1545436800,1545523199,0.00686000,0.00691000,0.00641000,0.00649000,31819.10000000
1545523200,1545609599,0.00656000,0.00657000,0.00637000,0.00640000,22000.00000000
1545609600,1545695999,0.00648000,0.00811000,0.00632000,0.00713000,234013.50000000
1545696000,1545782399,0.00725000,0.00785000,0.00622000,0.00687000,298595.00000000
1545782400,1545868799,0.00693000,0.00697000,0.00641000,0.00653000,65783.70000000
1545868800,1545955199,0.00646000,0.00649000,0.00613000,0.00613000,40735.20000000
1545955200,1546041599,0.00616000,0.00633000,0.00582000,0.00606000,74182.40000000
1546041600,1546127999,0.00603000,0.00690000,0.00597000,0.00599000,125298.40000000
1546128000,1546214399,0.00602000,0.00634000,0.00595000,0.00616000,29304.90000000
1546214400,1546300799,0.00614000,0.00660000,0.00572000,0.00630000,315904.60000000
1546300800,1546387199,0.00627000,0.00710000,0.00622000,0.00685000,282229.10000000
1546387200,1546473599,0.00685000,0.00988000,0.00685000,0.00919000,858422.50000000
1546473600,1546559999,0.00926000,0.00927000,0.00827000,0.00842000,298983.10000000
1546560000,1546646399,0.00844000,0.00884000,0.00791000,0.00814000,177700.20000000
1546646400,1546732799,0.00808000,0.00816000,0.00761000,0.00779000,76323.30000000
1546732800,1546819199,0.00775000,0.00799000,0.00758000,0.00770000,98551.00000000
1546819200,1546905599,0.00768000,0.00980000,0.00764000,0.00875000,553326.90000000
1546905600,1546991999,0.00861000,0.01056000,0.00861000,0.00955000,781509.90000000
1546992000,1547078399,0.00960000,0.00990000,0.00881000,0.00909000,171184.50000000
1547078400,1547164799,0.00921000,0.00936000,0.00851000,0.00860000,228936.30000000
1547164800,1547251199,0.00867000,0.01067000,0.00855000,0.01020000,367359.40000000
1547251200,1547337599,0.01037000,0.01040000,0.00918000,0.00924000,339839.10000000
1547337600,1547423999,0.00924000,0.01222000,0.00918000,0.01130000,542504.00000000
1547424000,1547510399,0.01139000,0.02588000,0.01056000,0.02201000,2628355.86000000
1547510400,1547596799,0.02250000,0.02751000,0.01860000,0.01883000,2276986.10000000
1547596800,1547683199,0.01888000,0.01940000,0.01572000,0.01653000,569826.20000000
1547683200,1547769599,0.01686000,0.02318000,0.01517000,0.01891000,1141562.60000000
1547769600,1547855999,0.01899000,0.02408000,0.01811000,0.01811000,1003833.60000000
1547856000,1547942399,0.01828000,0.02031000,0.01649000,0.01689000,449622.00000000
1547942400,1548028799,0.01686000,0.02089000,0.01611000,0.01849000,547924.10000000
1548028800,1548115199,0.01885000,0.02090000,0.01783000,0.01849000,445849.10000000
1548115200,1548201599,0.01824000,0.01992000,0.01794000,0.01890000,157405.40000000
1548201600,1548287999,0.01886000,0.02036000,0.01797000,0.01863000,172271.20000000
1548288000,1548374399,0.01859000,0.02304000,0.01676000,0.02167000,231342.40000000
1548374400,1548460799,0.02184000,0.02601000,0.01965000,0.02522000,576683.40000000
1548460800,1548547199,0.02556000,0.02687000,0.02100000,0.02283000,324516.90000000
1548547200,1548633599,0.02234000,0.02283000,0.01813000,0.01858000,331608.00000000
1548633600,1548719999,0.01860000,0.02034000,0.01686000,0.01994000,394958.40000000
1548720000,1548806399,0.01994000,0.02099000,0.01900000,0.01902000,186411.10000000
1548806400,1548892799,0.01902000,0.02019000,0.01887000,0.01939000,275939.90000000
1548892800,1548979199,0.01917000,0.01922000,0.01677000,0.01677000,329968.50000000
1548979200,1549065599,0.01688000,0.01895000,0.01559000,0.01760000,352634.10000000
1549065600,1549151999,0.01784000,0.02148000,0.01735000,0.01874000,482874.20000000
1549152000,1549238399,0.01870000,0.01875000,0.01727000,0.01750000,172100.10000000
1549238400,1549324799,0.01728000,0.01774000,0.01585000,0.01617000,238362.80000000
1549324800,1549411199,0.01608000,0.01624000,0.01356000,0.01406000,478995.10000000
1549411200,1549497599,0.01397000,0.01471000,0.01285000,0.01352000,377805.70000000
1549497600,1549583999,0.01331000,0.01400000,0.01251000,0.01400000,216918.10000000
1549584000,1549670399,0.01400000,0.01400000,0.01264000,0.01298000,334880.30000000
1549670400,1549756799,0.01298000,0.01315000,0.01270000,0.01288000,61472.80000000
1549756800,1549843199,0.01272000,0.01282000,0.01180000,0.01192000,94261.40000000
1549843200,1549929599,0.01195000,0.01230000,0.01140000,0.01193000,212412.10000000
1549929600,1550015999,0.01170000,0.01207000,0.01120000,0.01170000,200703.20000000
1550016000,1550102399,0.01184000,0.01207000,0.01161000,0.01179000,195302.80000000
1550102400,1550188799,0.01179000,0.01199000,0.01132000,0.01152000,102418.30000000
1550188800,1550275199,0.01141000,0.01143000,0.01007000,0.01064000,215175.80000000
1550275200,1550361599,0.01065000,0.01084000,0.00985000,0.01012000,143115.30000000
1550361600,1550447999,0.01012000,0.01043000,0.00982000,0.00992000,123497.00000000
1550448000,1550534399,0.00988000,0.01009000,0.00898000,0.00995000,204335.60000000
1550534400,1550620799,0.00975000,0.01249000,0.00901000,0.01032000,845420.90000000
1550620800,1550707199,0.01067000,0.01146000,0.00999000,0.01028000,819859.60000000
1550707200,1550793599,0.01021000,0.01112000,0.00946000,0.00962000,321401.30000000
1550793600,1550879999,0.00970000,0.01058000,0.00930000,0.00983000,328683.50000000
1550880000,1550966399,0.00989000,0.00995000,0.00900000,0.00939000,239303.20000000
1550966400,1551052799,0.00939000,0.01051000,0.00915000,0.00971000,451981.00000000
1551052800,1551139199,0.00970000,0.01067000,0.00945000,0.00982000,512819.50000000
1551139200,1551225599,0.00984000,0.01040000,0.00960000,0.01027000,310486.40000000
1551225600,1551311999,0.01026000,0.01061000,0.00945000,0.00952000,195339.10000000
1551312000,1551398399,0.00945000,0.00956000,0.00869000,0.00885000,153076.90000000
1551398400,1551484799,0.00885000,0.00886000,0.00794000,0.00810000,129958.00000000
1551484800,1551571199,0.00810000,0.00874000,0.00786000,0.00818000,144971.90000000
1551571200,1551657599,0.00822000,0.00850000,0.00809000,0.00830000,63318.40000000
1551657600,1551743999,0.00830000,0.00864000,0.00792000,0.00795000,165298.80000000
1551744000,1551830399,0.00794000,0.00800000,0.00683000,0.00709000,103600.10000000
1551830400,1551916799,0.00721000,0.00850000,0.00671000,0.00689000,512807.40000000
1551916800,1552003199,0.00689000,0.00706000,0.00625000,0.00657000,430602.40000000
1552003200,1552089599,0.00651000,0.00735000,0.00650000,0.00667000,232556.30000000
1552089600,1552175999,0.00674000,0.00714000,0.00649000,0.00694000,161143.40000000
1552176000,1552262399,0.00705000,0.00769000,0.00692000,0.00701000,134924.50000000
1552262400,1552348799,0.00699000,0.00722000,0.00650000,0.00666000,198332.20000000
1552348800,1552435199,0.00660000,0.00714000,0.00647000,0.00674000,112519.80000000
1552435200,1552521599,0.00675000,0.00738000,0.00673000,0.00710000,295226.00000000
1552521600,1552607999,0.00710000,0.00747000,0.00693000,0.00712000,339156.40000000
1552608000,1552694399,0.00712000,0.00765000,0.00701000,0.00757000,155454.30000000
1552694400,1552780799,0.00754000,0.00840000,0.00686000,0.00694000,487750.10000000
1552780800,1552867199,0.00701000,0.00718000,0.00690000,0.00696000,163454.80000000
1552867200,1552953599,0.00696000,0.00702000,0.00664000,0.00684000,71767.20000000
1552953600,1553039999,0.00684000,0.00713000,0.00657000,0.00673000,93832.50000000
1553040000,1553126399,0.00673000,0.00723000,0.00664000,0.00716000,128349.20000000
1553126400,1553212799,0.00705000,0.00728000,0.00680000,0.00708000,163665.80000000
1553212800,1553299199,0.00724000,0.00724000,0.00670000,0.00677000,63302.80000000
1553299200,1553385599,0.00677000,0.00701000,0.00667000,0.00685000,94586.40000000
1553385600,1553471999,0.00689000,0.00693000,0.00588000,0.00605000,189178.70000000
1553472000,1553558399,0.00610000,0.00662000,0.00594000,0.00604000,262311.60000000
1553558400,1553644799,0.00615000,0.00850000,0.00609000,0.00689000,1360793.30000000
1553644800,1553731199,0.00689000,0.00783000,0.00663000,0.00672000,380238.60000000
1553731200,1553817599,0.00676000,0.00765000,0.00665000,0.00701000,646198.30000000
1553817600,1553903999,0.00701000,0.00776000,0.00699000,0.00729000,403444.20000000
1553904000,1553990399,0.00734000,0.00778000,0.00713000,0.00737000,248072.40000000
1553990400,1554076799,0.00740000,0.00743000,0.00695000,0.00700000,149736.10000000
1554076800,1554163199,0.00694000,0.00744000,0.00677000,0.00725000,174622.00000000
1554163200,1554249599,0.00725000,0.00744000,0.00652000,0.00653000,457085.50000000
1554249600,1554335999,0.00655000,0.00720000,0.00630000,0.00651000,317774.20000000
1554336000,1554422399,0.00661000,0.00695000,0.00628000,0.00640000,99120.70000000
1554422400,1554508799,0.00650000,0.00670000,0.00646000,0.00658000,56927.10000000
1554508800,1554595199,0.00664000,0.00678000,0.00648000,0.00657000,102168.00000000
1554595200,1554681599,0.00655000,0.00709000,0.00628000,0.00684000,121027.00000000
1554681600,1554767999,0.00685000,0.00729000,0.00658000,0.00702000,194427.80000000
1554768000,1554854399,0.00709000,0.00709000,0.00648000,0.00667000,183407.00000000
1554854400,1554940799,0.00666000,0.00683000,0.00638000,0.00643000,130477.70000000
1554940800,1555027199,0.00654000,0.00655000,0.00567000,0.00589000,493361.20000000
1555027200,1555113599,0.00596000,0.00648000,0.00576000,0.00579000,174349.90000000
1555113600,1555199999,0.00581000,0.00609000,0.00570000,0.00577000,64856.20000000
1555200000,1555286399,0.00575000,0.00593000,0.00539000,0.00568000,56333.70000000
1555286400,1555372799,0.00570000,0.00582000,0.00542000,0.00547000,99750.80000000
1555372800,1555459199,0.00547000,0.00566000,0.00534000,0.00544000,95043.20000000
1555459200,1555545599,0.00543000,0.00555000,0.00537000,0.00547000,27506.90000000
1555545600,1555631999,0.00551000,0.00560000,0.00490000,0.00500000,182353.20000000
1555632000,1555718399,0.00492000,0.00501000,0.00449000,0.00464000,415319.50000000
1555718400,1555804799,0.00473000,0.00490000,0.00440000,0.00441000,146606.90000000
1555804800,1555891199,0.00445000,0.00473000,0.00423000,0.00427000,131906.80000000
1555891200,1555977599,0.00426000,0.00475000,0.00421000,0.00447000,314099.80000000
1555977600,1556063999,0.00447000,0.00480000,0.00437000,0.00453000,228864.40000000
1556064000,1556150399,0.00458000,0.00458000,0.00379000,0.00384000,363436.20000000
1556150400,1556236799,0.00391000,0.00430000,0.00373000,0.00373000,206135.00000000
1556236800,1556323199,0.00373000,0.00376000,0.00344000,0.00346000,262039.60000000
1556323200,1556409599,0.00349000,0.00372000,0.00349000,0.00363000,84082.20000000
1556409600,1556495999,0.00362000,0.00364000,0.00342000,0.00343000,128504.60000000
1556496000,1556582399,0.00347000,0.00350000,0.00332000,0.00339000,105347.70000000
1556582400,1556668799,0.00335000,0.00360000,0.00335000,0.00355000,150241.60000000
1556668800,1556755199,0.00358000,0.00381000,0.00355000,0.00364000,116245.40000000
1556755200,1556841599,0.00364000,0.00371000,0.00327000,0.00333000,300935.00000000
1556841600,1556927999,0.00332000,0.00341000,0.00320000,0.00325000,185657.40000000
1556928000,1557014399,0.00324000,0.00337000,0.00303000,0.00315000,199130.20000000
1557014400,1557100799,0.00317000,0.00427000,0.00310000,0.00418000,2019708.70000000
1557100800,1557187199,0.00420000,0.00610000,0.00420000,0.00449000,8394362.40000000
1557187200,1557273599,0.00454000,0.00500000,0.00418000,0.00432000,1766430.20000000
1557273600,1557359999,0.00426000,0.00451000,0.00405000,0.00412000,1568513.30000000
1557360000,1557446399,0.00414000,0.00448000,0.00383000,0.00418000,995907.00000000
1557446400,1557532799,0.00418000,0.00620000,0.00394000,0.00498000,3149599.50000000
1557532800,1557619199,0.00508000,0.00522000,0.00424000,0.00450000,1924698.70000000
1557619200,1557705599,0.00446000,0.00579000,0.00444000,0.00475000,2648701.20000000
1557705600,1557791999,0.00478000,0.00478000,0.00418000,0.00444000,1089064.50000000
1557792000,1557878399,0.00443000,0.00498000,0.00420000,0.00457000,816207.10000000
1557878400,1557964799,0.00456000,0.00490000,0.00398000,0.00456000,937324.50000000
1557964800,1558051199,0.00469000,0.00480000,0.00420000,0.00450000,627392.50000000
1558051200,1558137599,0.00454000,0.00454000,0.00395000,0.00419000,508012.10000000
1558137600,1558223999,0.00422000,0.00485000,0.00352000,0.00397000,875709.80000000
1558224000,1558310399,0.00397000,0.00449000,0.00391000,0.00414000,754222.30000000
1558310400,1558396799,0.00423000,0.00442000,0.00397000,0.00414000,423278.80000000
1558396800,1558483199,0.00413000,0.00443000,0.00371000,0.00388000,597857.20000000
1558483200,1558569599,0.00394000,0.00462000,0.00387000,0.00400000,564739.80000000
1558569600,1558655999,0.00399000,0.00445000,0.00386000,0.00418000,326818.30000000
1558656000,1558742399,0.00421000,0.00431000,0.00371000,0.00371000,305709.80000000
1558742400,1558828799,0.00378000,0.00382000,0.00340000,0.00348000,334981.90000000
1558828800,1558915199,0.00346000,0.00381000,0.00330000,0.00353000,392486.40000000
1558915200,1559001599,0.00354000,0.00363000,0.00328000,0.00357000,191960.20000000
1559001600,1559087999,0.00354000,0.00379000,0.00339000,0.00363000,250957.80000000
1559088000,1559174399,0.00365000,0.00367000,0.00342000,0.00354000,151305.00000000
1559174400,1559260799,0.00357000,0.00376000,0.00335000,0.00340000,511033.00000000
1559260800,1559347199,0.00341000,0.00365000,0.00340000,0.00347000,166377.40000000
1559347200,1559433599,0.00345000,0.00351000,0.00331000,0.00339000,132351.50000000
1559433600,1559519999,0.00336000,0.00384000,0.00335000,0.00368000,531930.50000000
1559520000,1559606399,0.00371000,0.00404000,0.00347000,0.00347000,686314.50000000
1559606400,1559692799,0.00350000,0.00354000,0.00336000,0.00348000,184200.30000000
1559692800,1559779199,0.00350000,0.00369000,0.00346000,0.00353000,297244.10000000
1559779200,1559865599,0.00350000,0.00353000,0.00340000,0.00345000,207148.40000000
1559865600,1559951999,0.00346000,0.00354000,0.00341000,0.00354000,101519.20000000
1559952000,1560038399,0.00354000,0.00366000,0.00345000,0.00351000,170023.80000000
1560038400,1560124799,0.00353000,0.00396000,0.00349000,0.00388000,747901.00000000
1560124800,1560211199,0.00382000,0.00429000,0.00376000,0.00379000,1433350.60000000
1560211200,1560297599,0.00382000,0.00405000,0.00366000,0.00389000,540281.90000000
1560297600,1560383999,0.00390000,0.00390000,0.00358000,0.00362000,195588.60000000
1560384000,1560470399,0.00363000,0.00390000,0.00348000,0.00350000,372403.70000000
1560470400,1560556799,0.00350000,0.00382000,0.00347000,0.00358000,444043.00000000
1560556800,1560643199,0.00361000,0.00378000,0.00353000,0.00361000,157712.00000000
1560643200,1560729599,0.00362000,0.00410000,0.00350000,0.00364000,536960.30000000
1560729600,1560815999,0.00368000,0.00381000,0.00347000,0.00349000,145462.50000000
